{"playerParty2":["Ahpah",1.0,1,1.0,1.0,0.0],"playerParty1":["⎍⋏☍⋏⍜⍙",0.35,2,1.1,0.9,13.0],"money":5.627703958169274,"fruit":0,"playerParty0":["Crookodile",-0.15000000000000002,1,1.1,1.0,0.0],"enemyTrainerNumber":0,"javaBalls":0}